{
    "standard_test": {
        "accuracy": 0.9633333333333334,
        "precision": 0.9512987012987013,
        "recall": 0.9766666666666667,
        "fpr": 0.05,
        "fnr": 0.023333333333333334
    },
    "humanized_test": {
        "accuracy": 0.9745762711864406,
        "precision": 1.0,
        "recall": 0.9745762711864406,
        "fpr": 0,
        "fnr": 0.025423728813559324
    },
    "full_test": {
        "accuracy": 0.9651810584958217,
        "precision": 0.9645390070921985,
        "recall": 0.9760765550239234,
        "fpr": 0.05,
        "fnr": 0.023923444976076555
    }
}