{
    "standard_test": {
        "accuracy": 0.9516666666666667,
        "precision": 0.9221183800623053,
        "recall": 0.9866666666666667,
        "fpr": 0.08333333333333333,
        "fnr": 0.013333333333333334
    },
    "humanized_test": {
        "accuracy": 0.9915254237288136,
        "precision": 1.0,
        "recall": 0.9915254237288136,
        "fpr": 0,
        "fnr": 0.00847457627118644
    },
    "full_test": {
        "accuracy": 0.958217270194986,
        "precision": 0.9429223744292238,
        "recall": 0.9880382775119617,
        "fpr": 0.08333333333333333,
        "fnr": 0.011961722488038277
    }
}