{
    "baseline_accuracy": 0.9966666666666667,
    "improved_accuracy": 0.998371335504886
}